[
    {
        "id": "ability_score_improvement",
        "name": "Ability Score Improvement",
        "description": "You can increase one ability score of your choice by 2, or you can increase two ability scores of your choice by 1. You can't use this feat to increase an ability score above 20.",
        "asi": true
    },
    {
        "id": "actor",
        "name": "Actor",
        "description": "Skilled at mimicry and dramatics, you gain the following benefits: Increase your Charisma score by 1, to a maximum of 20. You have advantage on Charisma (Deception) and Charisma (Performance) checks when trying to pass yourself off as a different person.",
        "asi": true
    },
    {
        "id": "athlete",
        "name": "Athlete",
        "description": "You gain the following benefits: Increase your Strength or Dexterity score by 1, to a maximum of 20. When you are prone, standing up uses only 5 feet of your movement. Climbing doesn't cost you extra movement. You can make a running long jump or high jump after only 5 feet of movement.",
        "asi": true
    },
    {
        "id": "charger",
        "name": "Charger",
        "description": "When you use your action to Dash, you can use a bonus action to make one melee weapon attack. If you move at least 10 feet in a straight line immediately before the attack, you either gain a +5 bonus to the attack's damage roll or push the target up to 10 feet away.",
        "asi": false
    },
    {
        "id": "crossbow_expert",
        "name": "Crossbow Expert",
        "description": "You gain the following benefits: You ignore the loading quality of crossbows with which you are proficient. Being within 5 feet of a hostile creature doesn't impose disadvantage on your ranged attack rolls. When you use the Attack action and attack with a one-handed weapon, you can use a bonus action to attack with a loaded hand crossbow you are holding.",
        "asi": false
    },
    {
        "id": "defensive_duelist",
        "name": "Defensive Duelist",
        "description": "When you are wielding a finesse weapon with which you are proficient and another creature hits you with a melee attack, you can use your reaction to add your proficiency bonus to your AC for that attack, potentially causing the attack to miss you.",
        "asi": false
    },
    {
        "id": "dual_wielder",
        "name": "Dual Wielder",
        "description": "You master fighting with two weapons, gaining the following benefits: You gain a +1 bonus to AC while you are wielding a separate melee weapon in each hand. You can use two-weapon fighting even when the one-handed melee weapons you are wielding aren't light. You can draw or stow two one-handed weapons when you would normally be able to draw or stow only one.",
        "asi": false
    },
    {
        "id": "dungeon_delver",
        "name": "Dungeon Delver",
        "description": "Alert to the hidden traps and secret doors found in many dungeons, you gain the following benefits: You have advantage on Wisdom (Perception) and Intelligence (Investigation) checks made to detect the presence of secret doors. You have advantage on saving throws made to avoid or resist traps. You have resistance to the damage dealt by traps. You can search for traps while traveling at a normal pace.",
        "asi": false
    },
    {
        "id": "durable",
        "name": "Durable",
        "description": "Hardy and resilient, you gain the following benefits: Increase your Constitution score by 1, to a maximum of 20. When you roll a Hit Die to regain hit points, the minimum number of hit points you regain from the roll equals twice your Constitution modifier (minimum of 2).",
        "asi": true
    },
    {
        "id": "elemental_adept",
        "name": "Elemental Adept",
        "description": "Prerequisite: The ability to cast at least one spell. When you gain this feat, choose one of the following damage types: acid, cold, fire, lightning, or thunder. Spells you cast ignore resistance to damage of the chosen type. In addition, when you roll damage for a spell you cast that deals damage of that type, you can treat any 1 on a damage die as a 2. You can select this feat multiple times. Each time you do so, you must choose a different damage type.",
        "asi": false
    },
    {
        "id": "grappler",
        "name": "Grappler",
        "description": "Prerequisite: Strength 13 or higher. You've developed the skills necessary to hold your own in close-quarters grappling. You gain the following benefits: You have advantage on attack rolls against a creature you are grappling. You can use your action to try to pin a creature grappled by you. To do so, make another grapple check. If you succeed, you and the creature are both restrained until the grapple ends.",
        "asi": false
    },
    {
        "id": "great_weapon_master",
        "name": "Great Weapon Master",
        "description": "You've learned to put the weight of a weapon to your advantage, letting its momentum empower your strikes. You gain the following benefits: On your turn, when you score a critical hit with a melee weapon or reduce a creature to 0 hit points with one, you can make one melee weapon attack as a bonus action. Before you make a melee attack with a heavy weapon that you are proficient with, you can choose to take a -5 penalty to the attack roll. If the attack hits, you add +10 to the attack’s damage.",
        "asi": false
    },
    {
        "id": "healer",
        "name": "Healer",
        "description": "You are an able physician, allowing you to mend wounds quickly and get your allies back in the fight. You gain the following benefits: When you use a healer’s kit to stabilize a dying creature, that creature also regains 1 hit point. As an action, you can spend one use of a healer’s kit to tend to a creature and restore 1d6 + 4 hit points to it, plus additional hit points equal to the creature’s maximum number of Hit Dice. The creature can’t regain hit points from this feat again until it finishes a short or long rest.",
        "asi": false
    },
    {
        "id": "heavily_armored",
        "name": "Heavily Armored",
        "description": "Prerequisite: Proficiency with medium armor. You have trained to master the use of heavy armor, gaining the following benefits: Increase your Strength score by 1, to a maximum of 20. You gain proficiency with heavy armor.",
        "asi": true
    },
    {
        "id": "heavy_armor_master",
        "name": "Heavy Armor Master",
        "description": "Prerequisite: Proficiency with heavy armor. You can use your armor to deflect strikes that would kill others. You gain the following benefits: Increase your Strength score by 1, to a maximum of 20. While you are wearing heavy armor, bludgeoning, piercing, and slashing damage that you take from nonmagical weapons is reduced by 3.",
        "asi": true
    },
    {
        "id": "inspiring_leader",
        "name": "Inspiring Leader",
        "description": "Prerequisite: Charisma 13 or higher. You can spend 10 minutes inspiring your companions, shoring up their resolve to fight. When you do so, choose up to six friendly creatures (which can include yourself) within 30 feet of you who can see or hear you and who can understand you. Each creature gains temporary hit points equal to your level + your Charisma modifier. A creature can’t gain temporary hit points from this feat again until it has finished a short or long rest.",
        "asi": false
    },
    {
        "id": "keen_mind",
        "name": "Keen Mind",
        "description": "You have a mind that can track time, direction, and detail with uncanny precision. You gain the following benefits: Increase your Intelligence score by 1, to a maximum of 20. You always know which way is north. You always know the number of hours left before the next sunrise or sunset. You can accurately recall anything you have seen or heard within the past month.",
        "asi": true
    },
    {
        "id": "lightly_armored",
        "name": "Lightly Armored",
        "description": "You have trained to master the use of light armor, gaining the following benefits: Increase your Strength or Dexterity score by 1, to a maximum of 20. You gain proficiency with light armor.",
        "asi": true
    },
    {
        "id": "linguist",
        "name": "Linguist",
        "description": "You have studied languages and codes, gaining the following benefits: Increase your Intelligence score by 1, to a maximum of 20. You learn three languages of your choice. You can ably create written ciphers. Others can’t decipher a code you create unless you teach them, they succeed on an Intelligence (Investigation) check (DC equal to your Intelligence score + your proficiency bonus), or they use magic to decipher it.",
        "asi": true
    }
],
[
    {
        "id": "mobile",
        "name": "Mobile",
        "description": "You are exceptionally speedy and agile. You gain the following benefits: Your speed increases by 10 feet. When you use the Dash action, difficult terrain doesn’t cost you extra movement on that turn. When you make a melee attack against a creature, you don’t provoke opportunity attacks from that creature for the rest of the turn, whether you hit or not.",
        "asi": false
    },
    {
        "id": "moderately_armored",
        "name": "Moderately Armored",
        "description": "Prerequisite: Proficiency with light armor. You have trained to master the use of medium armor and shields, gaining the following benefits: Increase your Strength or Dexterity score by 1, to a maximum of 20. You gain proficiency with medium armor and shields.",
        "asi": true
    },
    {
        "id": "mounted_combatant",
        "name": "Mounted Combatant",
        "description": "You are a dangerous foe to face while mounted. While you are mounted and aren’t incapacitated, you gain the following benefits: You have advantage on melee attack rolls against any unmounted creature that is smaller than your mount. You can force an attack targeted at your mount to target you instead. If your mount is subjected to an effect that allows it to make a Dexterity saving throw to take only half damage, it instead takes no damage if it succeeds on the saving throw, and only half damage if it fails.",
        "asi": false
    },
    {
        "id": "observant",
        "name": "Observant",
        "description": "Quick to notice details of your environment, you gain the following benefits: Increase your Intelligence or Wisdom score by 1, to a maximum of 20. If you can see a creature’s mouth while it is speaking a language you understand, you can interpret what it’s saying by reading its lips. You have a +5 bonus to your passive Wisdom (Perception) and passive Intelligence (Investigation) scores.",
        "asi": true
    },
    {
        "id": "polearm_master",
        "name": "Polearm Master",
        "description": "You can keep your enemies at bay with reach weapons. You gain the following benefits: When you take the Attack action and attack with only a glaive, halberd, quarterstaff, or spear, you can use a bonus action to make a melee weapon attack with the opposite end of the weapon. This attack uses the same ability modifier as the primary attack. The weapon’s damage die for this attack is a d4. While you are wielding a glaive, halberd, pike, quarterstaff, or spear, other creatures provoke an opportunity attack from you when they enter your reach.",
        "asi": false
    },
    {
        "id": "resilient",
        "name": "Resilient",
        "description": "Choose one ability score. Increase the chosen ability score by 1, to a maximum of 20. You gain proficiency in saving throws using the chosen ability.",
        "asi": true
    },
    {
        "id": "ritual_caster",
        "name": "Ritual Caster",
        "description": "Prerequisite: Intelligence or Wisdom 13 or higher. You have learned a number of spells that you can cast as rituals. These spells are written in a ritual book, which you must have in hand while casting one of them. When you choose this feat, you acquire a ritual book holding two 1st-level spells of your choice. Choose one spellcasting class: bard, cleric, druid, sorcerer, warlock, or wizard. You must choose your spells from that class’s spell list, and the spells you choose must have the ritual tag. The class you choose also determines your spellcasting ability for these spells: Charisma for bard, sorcerer, or warlock; Wisdom for cleric or druid; or Intelligence for wizard.",
        "asi": false
    },
    {
        "id": "savage_attacker",
        "name": "Savage Attacker",
        "description": "Once per turn when you roll damage for a melee weapon attack, you can reroll the weapon’s damage dice and use either total.",
        "asi": false
    },
    {
        "id": "sentinel",
        "name": "Sentinel",
        "description": "You have mastered techniques to take advantage of every drop in any enemy’s guard, gaining the following benefits: When you hit a creature with an opportunity attack, the creature’s speed becomes 0 for the rest of the turn. Creatures within 5 feet of you provoke opportunity attacks from you even if they take the Disengage action before leaving your reach. When a creature within 5 feet of you makes an attack against a target other than you (and that target doesn’t have this feat), you can use your reaction to make a melee weapon attack against the attacking creature.",
        "asi": false
    },
    {
        "id": "sharpshooter",
        "name": "Sharpshooter",
        "description": "You have mastered ranged weapons and can make shots that others find impossible. You gain the following benefits: Attacking at long range doesn’t impose disadvantage on your ranged weapon attack rolls. Your ranged weapon attacks ignore half cover and three-quarters cover. Before you make an attack with a ranged weapon that you are proficient with, you can choose to take a -5 penalty to the attack roll. If the attack hits, you add +10 to the attack’s damage.",
        "asi": false
    },
    {
        "id": "shield_master",
        "name": "Shield Master",
        "description": "You use shields not just for protection but also for offense. You gain the following benefits while you are wielding a shield: If you take the Attack action on your turn, you can use a bonus action to try to shove a creature within 5 feet of you with your shield. If you aren’t incapacitated, you can add your shield’s AC bonus to any Dexterity saving throw you make against a spell or other harmful effect that targets only you. If you are subjected to an effect that allows you to make a Dexterity saving throw to take only half damage, you can use your reaction to take no damage if you succeed on the saving throw, interposing your shield between yourself and the source of the effect.",
        "asi": false
    }
],
[
    {
        "id": "skilled",
        "name": "Skilled",
        "description": "You gain proficiency in any combination of three skills or tools of your choice.",
        "asi": false
    },
    {
        "id": "skulker",
        "name": "Skulker",
        "description": "Prerequisite: Dexterity 13 or higher. You are expert at slinking through shadows. You gain the following benefits: You can try to hide when you are lightly obscured from the creature from which you are hiding. When you are hidden from a creature and miss it with a ranged weapon attack, making the attack doesn’t reveal your position. Dim light doesn’t impose disadvantage on your Wisdom (Perception) checks relying on sight.",
        "asi": false
    },
    {
        "id": "spell_sniper",
        "name": "Spell Sniper",
        "description": "Prerequisite: The ability to cast at least one spell. You have learned techniques to enhance your attacks with certain kinds of spells, gaining the following benefits: When you cast a spell that requires you to make an attack roll, the spell’s range is doubled. Your ranged spell attacks ignore half cover and three-quarters cover. You learn one cantrip that requires an attack roll. Choose the cantrip from the bard, cleric, druid, sorcerer, warlock, or wizard spell list. Your spellcasting ability for this cantrip depends on the spell list you chose: Charisma for bard, sorcerer, or warlock; Wisdom for cleric or druid; or Intelligence for wizard.",
        "asi": false
    },
    {
        "id": "tavern_brawler",
        "name": "Tavern Brawler",
        "description": "Accustomed to rough-and-tumble fighting using whatever weapons happen to be at hand, you gain the following benefits: Increase your Strength or Constitution score by 1, to a maximum of 20. You are proficient with improvised weapons. Your unarmed strike uses a d4 for damage. When you hit a creature with an unarmed strike or an improvised weapon on your turn, you can use a bonus action to attempt to grapple the target.",
        "asi": true
    },
    {
        "id": "tough",
        "name": "Tough",
        "description": "Your hit point maximum increases by an amount equal to twice your level when you gain this feat. Whenever you gain a level thereafter, your hit point maximum increases by an additional 2 hit points.",
        "asi": false
    },
    {
        "id": "war_caster",
        "name": "War Caster",
        "description": "Prerequisite: The ability to cast at least one spell. You have practiced casting spells in the midst of combat, learning techniques that grant you the following benefits: You have advantage on Constitution saving throws that you make to maintain your concentration on a spell when you take damage. You can perform the somatic components of spells even when you have weapons or a shield in one or both hands. When a hostile creature’s movement provokes an opportunity attack from you, you can use your reaction to cast a spell at the creature, rather than making an opportunity attack. The spell must have a casting time of 1 action and must target only that creature.",
        "asi": false
    },
    {
        "id": "weapon_master",
        "name": "Weapon Master",
        "description": "You have practiced extensively with a variety of weapons, gaining the following benefits: Increase your Strength or Dexterity score by 1, to a maximum of 20. You gain proficiency with four weapons of your choice.",
        "asi": true
    }
]
]