[
    {
        "id": "club",
        "name": "Club",
        "damage_dice": "1d4",
        "damage_type": "bludgeoning",
        "light": true,
        "finesse": false,
        "special": null,
        "category": "simple melee",
        "weight": 2,
        "cost": "1 sp"
    },
    {
        "id": "dagger",
        "name": "Dagger",
        "damage_dice": "1d4",
        "damage_type": "piercing",
        "light": true,
        "finesse": true,
        "special": "Thrown (range 20/60)",
        "category": "simple melee",
        "weight": 1,
        "cost": "2 gp"
    },
    {
        "id": "greatclub",
        "name": "Greatclub",
        "damage_dice": "1d8",
        "damage_type": "bludgeoning",
        "light": false,
        "finesse": false,
        "special": "Two-handed",
        "category": "simple melee",
        "weight": 10,
        "cost": "2 sp"
    },
    {
        "id": "handaxe",
        "name": "Handaxe",
        "damage_dice": "1d6",
        "damage_type": "slashing",
        "light": true,
        "finesse": false,
        "special": "Thrown (range 20/60)",
        "category": "simple melee",
        "weight": 2,
        "cost": "5 gp"
    },
    {
        "id": "javelin",
        "name": "Javelin",
        "damage_dice": "1d6",
        "damage_type": "piercing",
        "light": false,
        "finesse": false,
        "special": "Thrown (range 30/120)",
        "category": "simple melee",
        "weight": 2,
        "cost": "5 sp"
    },
    {
        "id": "light_hammer",
        "name": "Light Hammer",
        "damage_dice": "1d4",
        "damage_type": "bludgeoning",
        "light": true,
        "finesse": false,
        "special": "Thrown (range 20/60)",
        "category": "simple melee",
        "weight": 2,
        "cost": "2 gp"
    },
    {
        "id": "mace",
        "name": "Mace",
        "damage_dice": "1d6",
        "damage_type": "bludgeoning",
        "light": false,
        "finesse": false,
        "special": null,
        "category": "simple melee",
        "weight": 4,
        "cost": "5 gp"
    },
    {
        "id": "quarterstaff",
        "name": "Quarterstaff",
        "damage_dice": "1d6",
        "damage_type": "bludgeoning",
        "light": false,
        "finesse": false,
        "special": "Versatile (1d8)",
        "category": "simple melee",
        "weight": 4,
        "cost": "2 sp"
    },
    {
        "id": "sickle",
        "name": "Sickle",
        "damage_dice": "1d4",
        "damage_type": "slashing",
        "light": true,
        "finesse": false,
        "special": null,
        "category": "simple melee",
        "weight": 2,
        "cost": "1 gp"
    },
    {
        "id": "spear",
        "name": "Spear",
        "damage_dice": "1d6",
        "damage_type": "piercing",
        "light": false,
        "finesse": false,
        "special": "Thrown (range 20/60), versatile (1d8)",
        "category": "simple melee",
        "weight": 3,
        "cost": "1 gp"
    },
    {
        "id": "light_crossbow",
        "name": "Light Crossbow",
        "damage_dice": "1d8",
        "damage_type": "piercing",
        "light": false,
        "finesse": false,
        "special": "Ammunition (range 80/320), loading, two-handed",
        "category": "simple ranged",
        "weight": 5,
        "cost": "25 gp"
    },
    {
        "id": "dart",
        "name": "Dart",
        "damage_dice": "1d4",
        "damage_type": "piercing",
        "light": false,
        "finesse": true,
        "special": "Thrown (range 20/60)",
        "category": "simple ranged",
        "weight": 0.25,
        "cost": "5 cp"
    },
    {
        "id": "shortbow",
        "name": "Shortbow",
        "damage_dice": "1d6",
        "damage_type": "piercing",
        "light": false,
        "finesse": false,
        "special": "Ammunition (range 80/320), two-handed",
        "category": "simple ranged",
        "weight": 2,
        "cost": "25 gp"
    },
    {
        "id": "sling",
        "name": "Sling",
        "damage_dice": "1d4",
        "damage_type": "bludgeoning",
        "light": false,
        "finesse": false,
        "special": "Ammunition (range 30/120)",
        "category": "simple ranged",
        "weight": 0,
        "cost": "1 sp"
    },
    {
        "id": "battleaxe",
        "name": "Battleaxe",
        "damage_dice": "1d8",
        "damage_type": "slashing",
        "light": false,
        "finesse": false,
        "special": "Versatile (1d10)",
        "category": "martial melee",
        "weight": 4,
        "cost": "10 gp"
    },
    {
        "id": "flail",
        "name": "Flail",
        "damage_dice": "1d8",
        "damage_type": "bludgeoning",
        "light": false,
        "finesse": false,
        "special": null,
        "category": "martial melee",
        "weight": 2,
        "cost": "10 gp"
    },
    {
        "id": "glaive",
        "name": "Glaive",
        "damage_dice": "1d10",
        "damage_type": "slashing",
        "light": false,
        "finesse": false,
        "special": "Heavy, reach, two-handed",
        "category": "martial melee",
        "weight": 6,
        "cost": "20 gp"
    },
    {
        "id": "greataxe",
        "name": "Greataxe",
        "damage_dice": "1d12",
        "damage_type": "slashing",
        "light": false,
        "finesse": false,
        "special": "Heavy, two-handed",
        "category": "martial melee",
        "weight": 7,
        "cost": "30 gp"
    },
    {
        "id": "greatsword",
        "name": "Greatsword",
        "damage_dice": "2d6",
        "damage_type": "slashing",
        "light": false,
        "finesse": false,
        "special": "Heavy, two-handed",
        "category": "martial melee",
        "weight": 6,
        "cost": "50 gp"
    },
    {
        "id": "halberd",
        "name": "Halberd",
        "damage_dice": "1d10",
        "damage_type": "slashing",
        "light": false,
        "finesse": false,
        "special": "Heavy, reach, two-handed",
        "category": "martial melee",
        "weight": 6,
        "cost": "20 gp"
    },
    {
        "id": "lance",
        "name": "Lance",
        "damage_dice": "1d12",
        "damage_type": "piercing",
        "light": false,
        "finesse": false,
        "special": "Reach, special (disadvantage when attacking within 5 feet)",
        "category": "martial melee",
        "weight": 6,
        "cost": "10 gp"
    },
    {
        "id": "longsword",
        "name": "Longsword",
        "damage_dice": "1d8",
        "damage_type": "slashing",
        "light": false,
        "finesse": false,
        "special": "Versatile (1d10)",
        "category": "martial melee",
        "weight": 3,
        "cost": "15 gp"
    },
    {
        "id": "maul",
        "name": "Maul",
        "damage_dice": "2d6",
        "damage_type": "bludgeoning",
        "light": false,
        "finesse": false,
        "special": "Heavy, two-handed",
        "category": "martial melee",
        "weight": 10,
        "cost": "10 gp"
    },
    {
        "id": "morningstar",
        "name": "Morningstar",
        "damage_dice": "1d8",
        "damage_type": "piercing",
        "light": false,
        "finesse": false,
        "special": null,
        "category": "martial melee",
        "weight": 4,
        "cost": "15 gp"
    },
    {
        "id": "pike",
        "name": "Pike",
        "damage_dice": "1d10",
        "damage_type": "piercing",
        "light": false,
        "finesse": false,
        "special": "Heavy, reach, two-handed",
        "category": "martial melee",
        "weight": 18,
        "cost": "5 gp"
    },
    {
        "id": "rapier",
        "name": "Rapier",
        "damage_dice": "1d8",
        "damage_type": "piercing",
        "light": false,
        "finesse": true,
        "special": null,
        "category": "martial melee",
        "weight": 2,
        "cost": "25 gp"
    },
    {
        "id": "scimitar",
        "name": "Scimitar",
        "damage_dice": "1d6",
        "damage_type": "slashing",
        "light": true,
        "finesse": true,
        "special": null,
        "category": "martial melee",
        "weight": 3,
        "cost": "25 gp"
    },
    {
        "id": "shortsword",
        "name": "Shortsword",
        "damage_dice": "1d6",
        "damage_type": "piercing",
        "light": true,
        "finesse": true,
        "special": null,
        "category": "martial melee",
        "weight": 2,
        "cost": "10 gp"
    },
    {
        "id": "trident",
        "name": "Trident",
        "damage_dice": "1d6",
        "damage_type": "piercing",
        "light": false,
        "finesse": false,
        "special": "Thrown (range 20/60), versatile (1d8)",
        "category": "martial melee",
        "weight": 4,
        "cost": "5 gp"
    },
    {
        "id": "war_pick",
        "name": "War Pick",
        "damage_dice": "1d8",
        "damage_type": "piercing",
        "light": false,
        "finesse": false,
        "special": null,
        "category": "martial melee",
        "weight": 2,
        "cost": "5 gp"
    },
    {
        "id": "warhammer",
        "name": "Warhammer",
        "damage_dice": "1d8",
        "damage_type": "bludgeoning",
        "light": false,
        "finesse": false,
        "special": "Versatile (1d10)",
        "category": "martial melee",
        "weight": 2,
        "cost": "15 gp"
    },
    {
        "id": "whip",
        "name": "Whip",
        "damage_dice": "1d4",
        "damage_type": "slashing",
        "light": false,
        "finesse": true,
        "special": "Reach",
        "category": "martial melee",
        "weight": 3,
        "cost": "2 gp"
    },
    {
        "id": "hand_crossbow",
        "name": "Hand Crossbow",
        "damage_dice": "1d6",
        "damage_type": "piercing",
        "light": true,
        "finesse": false,
        "special": "Ammunition (range 30/120), light, loading",
        "category": "martial ranged",
        "weight": 3,
        "cost": "75 gp"
    },
    {
        "id": "heavy_crossbow",
        "name": "Heavy Crossbow",
        "damage_dice": "1d10",
        "damage_type": "piercing",
        "light": false,
        "finesse": false,
        "special": "Ammunition (range 100/400), heavy, loading, two-handed",
        "category": "martial ranged",
        "weight": 18,
        "cost": "50 gp"
    },
    {
        "id": "longbow",
        "name": "Longbow",
        "damage_dice": "1d8",
        "damage_type": "piercing",
        "light": false,
        "finesse": false,
        "special": "Ammunition (range 150/600), heavy, two-handed",
        "category": "martial ranged",
        "weight": 2,
        "cost": "50 gp"
    },
    {
        "id": "net",
        "name": "Net",
        "damage_dice": "0",
        "damage_type": "none",
        "light": false,
        "finesse": false,
        "special": "Special (restrain, one target), thrown (range 5/15)",
        "category": "martial ranged",
        "weight": 3,
        "cost": "1 gp"
    },
    {
        "id": "pistol",
        "name": "Pistol",
        "damage_dice": "1d10",
        "damage_type": "piercing",
        "light": false,
        "finesse": false,
        "special": "Ammunition (range 30/90), loading, firearm",
        "category": "renaissance ranged",
        "weight": 3,
        "cost": "250 gp"
    },
    {
        "id": "musket",
        "name": "Musket",
        "damage_dice": "1d12",
        "damage_type": "piercing",
        "light": false,
        "finesse": false,
        "special": "Ammunition (range 40/120), loading, two-handed, firearm",
        "category": "renaissance ranged",
        "weight": 10,
        "cost": "500 gp"
    },
    {
        "id": "blunderbuss",
        "name": "Blunderbuss",
        "damage_dice": "2d8",
        "damage_type": "piercing",
        "light": false,
        "finesse": false,
        "special": "Ammunition (range 15/30), loading, two-handed, firearm, scatter",
        "category": "renaissance ranged",
        "weight": 10,
        "cost": "300 gp"
    },
    {
        "id": "pepperbox",
        "name": "Pepperbox",
        "damage_dice": "1d8",
        "damage_type": "piercing",
        "light": true,
        "finesse": false,
        "special": "Ammunition (range 30/90), firearm, reload (6)",
        "category": "renaissance ranged",
        "weight": 5,
        "cost": "450 gp"
    },
    {
        "id": "arquebus",
        "name": "Arquebus",
        "damage_dice": "1d12",
        "damage_type": "piercing",
        "light": false,
        "finesse": false,
        "special": "Ammunition (range 50/150), loading, two-handed, firearm",
        "category": "renaissance ranged",
        "weight": 9,
        "cost": "450 gp"
    },
    {
        "id": "hand_mortar",
        "name": "Hand Mortar",
        "damage_dice": "2d8",
        "damage_type": "bludgeoning",
        "light": false,
        "finesse": false,
        "special": "Ammunition (range 30/90), explosive, reload (1), firearm",
        "category": "renaissance ranged",
        "weight": 10,
        "cost": "600 gp"
    },
    {
        "id": "revolver",
        "name": "Revolver",
        "damage_dice": "1d10",
        "damage_type": "piercing",
        "light": false,
        "finesse": false,
        "special": "Ammunition (range 40/120), firearm, reload (6)",
        "category": "modern ranged",
        "weight": 3,
        "cost": "750 gp"
    },
    {
        "id": "shotgun",
        "name": "Shotgun",
        "damage_dice": "2d10",
        "damage_type": "piercing",
        "light": false,
        "finesse": false,
        "special": "Ammunition (range 20/60), reload (2), two-handed, firearm, scatter",
        "category": "modern ranged",
        "weight": 7,
        "cost": "650 gp"
    },
    {
        "id": "double_barrel_shotgun",
        "name": "Double-Barrel Shotgun",
        "damage_dice": "2d10",
        "damage_type": "piercing",
        "light": false,
        "finesse": false,
        "special": "Ammunition (range 20/60), reload (2), two-handed, firearm, scatter",
        "category": "modern ranged",
        "weight": 8,
        "cost": "850 gp"
    },
    {
        "id": "hunting_rifle",
        "name": "Hunting Rifle",
        "damage_dice": "2d10",
        "damage_type": "piercing",
        "light": false,
        "finesse": false,
        "special": "Ammunition (range 80/240), reload (5), two-handed, firearm",
        "category": "modern ranged",
        "weight": 8,
        "cost": "700 gp"
    },
    {
        "id": "automatic_rifle",
        "name": "Automatic Rifle",
        "damage_dice": "2d8",
        "damage_type": "piercing",
        "light": false,
        "finesse": false,
        "special": "Ammunition (range 80/240), reload (30), two-handed, firearm, burst fire",
        "category": "modern ranged",
        "weight": 8,
        "cost": "1000 gp"
    },
    {
        "id": "sniper_rifle",
        "name": "Sniper Rifle",
        "damage_dice": "2d12",
        "damage_type": "piercing",
        "light": false,
        "finesse": false,
        "special": "Ammunition (range 150/600), reload (4), two-handed, firearm",
        "category": "modern ranged",
        "weight": 10,
        "cost": "1300 gp"
    },
    {
        "id": "grenade_launcher",
        "name": "Grenade Launcher",
        "damage_dice": "3d10",
        "damage_type": "bludgeoning",
        "light": false,
        "finesse": false,
        "special": "Ammunition (range 60/180), reload (1), two-handed, firearm, explosive",
        "category": "modern ranged",
        "weight": 12,
        "cost": "1500 gp"
    },
    {
        "id": "flamethrower",
        "name": "Flamethrower",
        "damage_dice": "3d6",
        "damage_type": "fire",
        "light": false,
        "finesse": false,
        "special": "Ammunition (range 15/30), energy, reload (5), two-handed, scatter, explosive",
        "category": "modern ranged",
        "weight": 15,
        "cost": "1200 gp"
    },
    {
        "id": "hand_cannon",
        "name": "Hand Cannon",
        "damage_dice": "2d12",
        "damage_type": "piercing",
        "light": false,
        "finesse": false,
        "special": "Ammunition (range 20/60), reload (1), heavy, firearm",
        "category": "renaissance ranged",
        "weight": 8,
        "cost": "700 gp"
    },
    {
        "id": "laser_pistol",
        "name": "Laser Pistol",
        "damage_dice": "3d6",
        "damage_type": "fire",
        "light": true,
        "finesse": false,
        "special": "Ammunition (range 40/120), energy, reload (20)",
        "category": "futuristic ranged",
        "weight": 2,
        "cost": "2000 gp"
    },
    {
        "id": "laser_rifle",
        "name": "Laser Rifle",
        "damage_dice": "3d8",
        "damage_type": "fire",
        "light": false,
        "finesse": false,
        "special": "Ammunition (range 100/300), energy, reload (10), two-handed",
        "category": "futuristic ranged",
        "weight": 7,
        "cost": "2500 gp"
    },
    {
        "id": "plasma_pistol",
        "name": "Plasma Pistol",
        "damage_dice": "2d10",
        "damage_type": "fire",
        "light": true,
        "finesse": false,
        "special": "Ammunition (range 30/90), energy, reload (8)",
        "category": "futuristic ranged",
        "weight": 3,
        "cost": "2200 gp"
    },
    {
        "id": "plasma_rifle",
        "name": "Plasma Rifle",
        "damage_dice": "3d10",
        "damage_type": "fire",
        "light": false,
        "finesse": false,
        "special": "Ammunition (range 80/240), energy, reload (6), two-handed",
        "category": "futuristic ranged",
        "weight": 8,
        "cost": "3000 gp"
    },
    {
        "id": "plasma_launcher",
        "name": "Plasma Launcher",
        "damage_dice": "4d10",
        "damage_type": "fire",
        "light": false,
        "finesse": false,
        "special": "Ammunition (range 30/90), energy, reload (2), heavy, two-handed, explosive",
        "category": "futuristic ranged",
        "weight": 15,
        "cost": "3500 gp"
    },
    {
        "id": "gauss_rifle",
        "name": "Gauss Rifle",
        "damage_dice": "2d12",
        "damage_type": "piercing",
        "light": false,
        "finesse": false,
        "special": "Ammunition (range 120/360), reload (5), heavy, two-handed, firearm",
        "category": "futuristic ranged",
        "weight": 12,
        "cost": "3200 gp"
    },
    {
        "id": "fusion_cannon",
        "name": "Fusion Cannon",
        "damage_dice": "6d6",
        "damage_type": "fire",
        "light": false,
        "finesse": false,
        "special": "Ammunition (range 60/180), energy, reload (1), heavy, two-handed, explosive",
        "category": "futuristic ranged",
        "weight": 20,
        "cost": "4000 gp"
    },
    {
        "id": "arc_blaster",
        "name": "Arc Blaster",
        "damage_dice": "4d6",
        "damage_type": "lightning",
        "light": false,
        "finesse": false,
        "special": "Ammunition (range 50/150), energy, reload (6), two-handed, chain (targets up to 3 creatures within 10 feet of each other)",
        "category": "futuristic ranged",
        "weight": 10,
        "cost": "3300 gp"
    },
    {
        "id": "sonic_disruptor",
        "name": "Sonic Disruptor",
        "damage_dice": "3d8",
        "damage_type": "thunder",
        "light": false,
        "finesse": false,
        "special": "Ammunition (range 40/120), energy, reload (4), two-handed, concussive (target must succeed on a Constitution save or be stunned until end of its next turn)",
        "category": "futuristic ranged",
        "weight": 8,
        "cost": "3100 gp"
    },
    {
        "id": "antimatter_rifle",
        "name": "Antimatter Rifle",
        "damage_dice": "6d12",
        "damage_type": "necrotic",
        "light": false,
        "finesse": false,
        "special": "Ammunition (range 120/360), energy, reload (2), heavy, two-handed",
        "category": "futuristic ranged",
        "weight": 15,
        "cost": "6000 gp"
    },
    {
        "id": "arcane_pistol",
        "name": "Arcane Pistol",
        "damage_dice": "1d10",
        "damage_type": "force",
        "light": true,
        "finesse": false,
        "special": "Ammunition (range 60/180), magic, firearm",
        "category": "magical ranged",
        "weight": 3,
        "cost": "800 gp"
    },
    {
        "id": "arcane_rifle",
        "name": "Arcane Rifle",
        "damage_dice": "2d8",
        "damage_type": "force",
        "light": false,
        "finesse": false,
        "special": "Ammunition (range 100/300), magic, reload (5), two-handed, firearm",
        "category": "magical ranged",
        "weight": 8,
        "cost": "1500 gp"
    },
    {
        "id": "arcane_launcher",
        "name": "Arcane Launcher",
        "damage_dice": "4d8",
        "damage_type": "force",
        "light": false,
        "finesse": false,
        "special": "Ammunition (range 50/150), reload (1), heavy, two-handed, magic, explosive",
        "category": "magical ranged",
        "weight": 15,
        "cost": "2500 gp"
    },
    {
        "id": "arcane_repeater",
        "name": "Arcane Repeater",
        "damage_dice": "1d8",
        "damage_type": "force",
        "light": false,
        "finesse": false,
        "special": "Ammunition (range 60/180), magic, reload (4), firearm",
        "category": "magical ranged",
        "weight": 5,
        "cost": "1000 gp"
    },
    {
        "id": "elemental_wand",
        "name": "Elemental Wand",
        "damage_dice": "3d6",
        "damage_type": "variable",
        "light": true,
        "finesse": true,
        "special": "Ammunition (range 60/180), magic, reload (7), versatile (user can choose between fire, cold, lightning, or acid damage)",
        "category": "magical ranged",
        "weight": 1,
        "cost": "1200 gp"
    },
    {
        "id": "eldritch_staff",
        "name": "Eldritch Staff",
        "damage_dice": "1d8",
        "damage_type": "bludgeoning",
        "light": false,
        "finesse": false,
        "special": "Versatile (1d10), magic (can also cast 3 cantrips)",
        "category": "magical melee",
        "weight": 4,
        "cost": "900 gp"
    },
    {
        "id": "crystal_focus_staff",
        "name": "Crystal Focus Staff",
        "damage_dice": "2d6",
        "damage_type": "force",
        "light": false,
        "finesse": false,
        "special": "Magic, versatile (2d8)",
        "category": "magical melee",
        "weight": 6,
        "cost": "1800 gp"
    },
    {
        "id": "force_cannon",
        "name": "Force Cannon",
        "damage_dice": "6d6",
        "damage_type": "force",
        "light": false,
        "finesse": false,
        "special": "Ammunition (range 60/180), reload (2), heavy, two-handed, magic, explosive",
        "category": "magical ranged",
        "weight": 12,
        "cost": "3500 gp"
    },
    {
        "id": "energy_whip",
        "name": "Energy Whip",
        "damage_dice": "2d6",
        "damage_type": "force",
        "light": true,
        "finesse": true,
        "special": "Reach, energy",
        "category": "magical melee",
        "weight": 3,
        "cost": "800 gp"
    },
    {
        "id": "plasma_blade",
        "name": "Plasma Blade",
        "damage_dice": "2d8",
        "damage_type": "fire",
        "light": true,
        "finesse": true,
        "special": "Energy",
        "category": "futuristic melee",
        "weight": 3,
        "cost": "1500 gp"
    },
    {
        "id": "vibro_sword",
        "name": "Vibro Sword",
        "damage_dice": "3d6",
        "damage_type": "slashing",
        "light": false,
        "finesse": true,
        "special": "Energy, versatile (3d8)",
        "category": "futuristic melee",
        "weight": 4,
        "cost": "1200 gp"
    },
    {
        "id": "gravity_hammer",
        "name": "Gravity Hammer",
        "damage_dice": "3d10",
        "damage_type": "bludgeoning",
        "light": false,
        "finesse": false,
        "special": "Heavy, two-handed, energy, concussive (targets within 10 feet must make a Strength save or be knocked prone)",
        "category": "futuristic melee",
        "weight": 15,
        "cost": "2500 gp"
    },
    {
        "id": "photon_glaive",
        "name": "Photon Glaive",
        "damage_dice": "2d10",
        "damage_type": "radiant",
        "light": false,
        "finesse": false,
        "special": "Reach, heavy, two-handed, energy",
        "category": "futuristic melee",
        "weight": 8,
        "cost": "1800 gp"
    },
    {
        "id": "wrist_blades",
        "name": "Wrist Blades",
        "damage_dice": "1d8",
        "damage_type": "slashing",
        "light": true,
        "finesse": true,
        "special": "Light, can be concealed, counts as unarmed strike",
        "category": "martial melee",
        "weight": 1,
        "cost": "400 gp"
    },
    {
        "id": "thermal_blade",
        "name": "Thermal Blade",
        "damage_dice": "1d8",
        "damage_type": "slashing",
        "light": true,
        "finesse": true,
        "special": "Light, deals additional 1d6 fire damage",
        "category": "futuristic melee",
        "weight": 2,
        "cost": "900 gp"
    },
    {
        "id": "quantum_dagger",
        "name": "Quantum Dagger",
        "damage_dice": "1d4",
        "damage_type": "piercing",
        "light": true,
        "finesse": true,
        "special": "Thrown (range 20/60), returns to wielder's hand after being thrown, energy, deals additional 1d6 force damage",
        "category": "futuristic melee",
        "weight": 1,
        "cost": "800 gp"
    },
    {
        "id": "chakram",
        "name": "Chakram",
        "damage_dice": "1d6",
        "damage_type": "slashing",
        "light": true,
        "finesse": true,
        "special": "Thrown (range 30/120), returns to wielder's hand on a successful hit",
        "category": "martial melee",
        "weight": 1,
        "cost": "50 gp"
    },
    {
        "id": "boomerang",
        "name": "Boomerang",
        "damage_dice": "1d4",
        "damage_type": "bludgeoning",
        "light": true,
        "finesse": true,
        "special": "Thrown (range 30/120), returns to wielder's hand on a miss",
        "category": "simple ranged",
        "weight": 1,
        "cost": "5 gp"
    },
    {
        "id": "kunai",
        "name": "Kunai",
        "damage_dice": "1d4",
        "damage_type": "piercing",
        "light": true,
        "finesse": true,
        "special": "Thrown (range 20/60), can be used as a climbing tool",
        "category": "simple melee",
        "weight": 0.5,
        "cost": "3 gp"
    },
    {
        "id": "repeating_crossbow",
        "name": "Repeating Crossbow",
        "damage_dice": "1d8",
        "damage_type": "piercing",
        "light": false,
        "finesse": false,
        "special": "Ammunition (range 80/320), reload (5), two-handed",
        "category": "martial ranged",
        "weight": 7,
        "cost": "250 gp"
    },
    {
        "id": "exploding_bolts_crossbow",
        "name": "Exploding Bolts Crossbow",
        "damage_dice": "2d8",
        "damage_type": "piercing",
        "light": false,
        "finesse": false,
        "special": "Ammunition (range 60/240), reload (3), two-handed, explosive",
        "category": "martial ranged",
        "weight": 9,
        "cost": "350 gp"
    },
    {
        "id": "hand_flintlock",
        "name": "Hand Flintlock",
        "damage_dice": "1d8",
        "damage_type": "piercing",
        "light": true,
        "finesse": false,
        "special": "Ammunition (range 40/120), loading, firearm",
        "category": "renaissance ranged",
        "weight": 2,
        "cost": "200 gp"
    },
    {
        "id": "flintlock_rifle",
        "name": "Flintlock Rifle",
        "damage_dice": "1d12",
        "damage_type": "piercing",
        "light": false,
        "finesse": false,
        "special": "Ammunition (range 80/240), loading, two-handed, firearm",
        "category": "renaissance ranged",
        "weight": 10,
        "cost": "400 gp"
    },
    {
        "id": "bolt_action_rifle",
        "name": "Bolt-Action Rifle",
        "damage_dice": "2d10",
        "damage_type": "piercing",
        "light": false,
        "finesse": false,
        "special": "Ammunition (range 120/360), reload (5), two-handed, firearm",
        "category": "modern ranged",
        "weight": 8,
        "cost": "800 gp"
    },
    {
        "id": "harpoon_gun",
        "name": "Harpoon Gun",
        "damage_dice": "1d10",
        "damage_type": "piercing",
        "light": false,
        "finesse": false,
        "special": "Ammunition (range 30/120), reload (1), two-handed, tether",
        "category": "martial ranged",
        "weight": 8,
        "cost": "150 gp"
    },
    {
        "id": "heavy_repeating_crossbow",
        "name": "Heavy Repeating Crossbow",
        "damage_dice": "1d10",
        "damage_type": "piercing",
        "light": false,
        "finesse": false,
        "special": "Ammunition (range 100/400), reload (3), heavy, two-handed",
        "category": "martial ranged",
        "weight": 12,
        "cost": "350 gp"
    },
    {
        "id": "cannon",
        "name": "Cannon",
        "damage_dice": "8d10",
        "damage_type": "bludgeoning",
        "light": false,
        "finesse": false,
        "special": "Ammunition (range 120/480), reload (1), heavy, two-handed, explosive, firearm",
        "category": "renaissance ranged",
        "weight": 750,
        "cost": "1500 gp"
    },
    {
        "id": "cestus",
        "name": "Cestus",
        "damage_dice": "1d6",
        "damage_type": "bludgeoning",
        "light": true,
        "finesse": false,
        "special": "Light, counts as unarmed strike",
        "category": "martial melee",
        "weight": 1,
        "cost": "5 gp"
    },
    {
        "id": "scythe",
        "name": "Scythe",
        "damage_dice": "1d10",
        "damage_type": "slashing",
        "light": false,
        "finesse": false,
        "special": "Two-handed, reach",
        "category": "martial melee",
        "weight": 10,
        "cost": "20 gp"
    },
    {
        "id": "katana",
        "name": "Katana",
        "damage_dice": "1d8",
        "damage_type": "slashing",
        "light": false,
        "finesse": true,
        "special": "Versatile (1d10)",
        "category": "martial melee",
        "weight": 3,
        "cost": "50 gp"
    },
    {
        "id": "sai",
        "name": "Sai",
        "damage_dice": "1d4",
        "damage_type": "piercing",
        "light": true,
        "finesse": true,
        "special": "Light, special (can attempt to disarm as bonus action)",
        "category": "martial melee",
        "weight": 1,
        "cost": "10 gp"
    }
]
